1,kC,Dys
2,kC,Dysk
3,kC,Dys
4,kC,Dys΋
5,kC,DysL
6,kC,Dys
7,kC,Dys
8,kC,Dysʋ
9,kC,Dys
10,kC,Dysc
11,kC,َs
12,kC,Ms
13,kC,s
14,kC,s
15,kC,Hs
16,kC,эLs
17,kC,ks
18,kC,[s
19,kC,〈s
20,kC,ԑs
21,kC,Gs
22,kC,Ϗqs
23,kC,ts
24,kC,Ss
25,kC,ʎs
26,kC,]ʎs
27,kC,ԕs
28,kC,ʎs
29,kC,mʎs
30,kC,s
31,kC,O}s
32,kC,s
33,kC,Ύs
34,kC,s
35,kC,s
36,kC,̎us
37,kC,[s
38,kC,xǖs
39,kC,oʎs
40,kC,bs
41,kC,ɒBs
42,kC,kLs
43,kC,Ύs
44,kC,kls
45,kC,ΎSʒ
46,kC,ΎSVÑ
47,kC,OSO
48,kC,OS
49,kC,Sm
50,kC,S،Ó
51,kC,TcSђ
52,kC,S
53,kC,SX
54,kC,CS_
55,kC,RzS
56,kC,wRS]
57,kC,wRSm
58,kC,wRS򕔒
59,kC,uS
60,kC,KSK
61,kC,IS
62,kC,vSȒ
63,kC,qSq
64,kC,sSs
65,kC,sS
66,kC,JSz
67,kC,cSjZR
68,kC,cS^둺
69,kC,cSs
70,kC,cSΕʒ
71,kC,cSɒ
72,kC,cSm
73,kC,Sa
74,kC,S
75,kC,ÉFS
76,kC,ÉFS_b
77,kC,ϒOSϒO
78,kC,ÕSÕ
79,kC,]sSmؒ
80,kC,]sS]s
81,kC,]sSԈ쑺
82,kC,mSy
83,kC,mSވ]
84,kC,mS㍻쒬
85,kC,[SRm
86,kC,[S
87,kC,[SIR
88,kC,ˌS`
89,kC,ˌSYP
90,kC,ˌSV\Ð쒬
91,kC,JSw
92,kC,JSʒ
93,kC,JSJ
94,kC,JSk
95,kC,JSc
96,kC,S鐲
97,kC,S_y
98,kC,S
99,kC,Sz
100,kC,Sʒ
101,kC,S쒬
102,kC,S쒬
103,kC,Sl
104,kC,mSxǖ쒬
105,kC,mSxǖ쒬
106,kC,mSxǖ쒬
107,kC,ES芥
108,kC,Sa
109,kC,S
110,kC,S쒬
111,kC,S[
112,kC,SЎq{
113,kC,S쒬
114,kC,JSy
115,kC,ьSђ
116,kC,GS
117,kC,ϑOSϑO
118,kC,ϑOSHy
119,kC,ϑOSRʑ
120,kC,VSʒ
121,kC,VSV
122,kC,@JS
123,kC,}KSlڕʒ
124,kC,}KSڕʒ
125,kC,}KS}K
126,kC,VSLx
127,kC,當S當
128,kC,KSK
129,kC,KSKxm
130,kC,VSy
131,kC,ԑSy
132,kC,ԑSÕʒ
133,kC,ΗSΗ
134,kC,ΗS
135,kC,ΗS
136,kC,CSPq{
137,kC,CSu˒
138,kC,CSCԒ
139,kC,ʌSy
140,kC,ʌSNʒ
141,kC,ʌS㒬
142,kC,ʌS
143,kC,ʌS
144,kC,ʌSY
145,kC,ԑS
146,kC,cSLY
147,kC,LSs˒
148,kC,VSV
149,kC,ES^
150,kC,cSΒ
151,kC,ES
152,kC,ESނ풬
153,kC,S
154,kC,S撬
155,kC,VSV
156,kC,Y͌SY͒
157,kC,lSl
158,kC,yS
159,kC,SVЂ
160,kC,͓SX
161,kC,͓Smy
162,kC,͓Smy
163,kC,͓Sǒ
164,kC,SV
165,kC,S
166,kC,͐S莺
167,kC,͐SD
168,kC,͐SXʑ
169,kC,LS
170,kC,LSL
171,kC,Sʒ
172,kC,Src
173,kC,SL
174,kC,S{ʒ
175,kC,S
176,kC,Sʒ
177,kC,\SYy
178,kC,HSH
179,kC,݌Sݒ
180,kC,݌Sl
181,kC,SW
182,kC,Sq
183,kC,Sߋ
184,kC,fSf
185,kC,tSʊC
186,kC,WÌSWÒ
187,kC,WÌSWÒ
188,kC,ڗSP
189,X,Xs
190,X,OOs
191,X,ˎs
192,X,Ύs
193,X,܏쌴s
194,X,\acs
195,X,Os
196,X,ނs
197,X,s
198,X,s
199,X,ÌyS
200,X,ÌySʒ
201,X,ÌySHc
202,X,ÌySOl
203,X,ÌyS˃
204,X,ÌyS[Y
205,X,ÌySډ
206,X,ÌyS蒬
207,X,ÌySk
208,X,ÌyScɊّ
209,X,kÌyS
210,X,kÌySߓc
211,X,kÌyS
212,X,kSӒn
213,X,kS˒
214,X,kSZ˒
215,X,kSl
216,X,kSk
217,X,kSZ
218,X,kS点
219,X,kSԒ
220,X,kSʑ
221,X,kSԉY
222,X,kS䑺
223,X,OˌSO˒
224,X,OˌS܌˒
225,X,OˌScq
226,X,OˌS암
227,X,OˌSK㒬
228,X,OˌSV
229,茧,s
230,茧,{Îs
231,茧,Dns
232,茧,Ԋs
233,茧,ks
234,茧,vs
235,茧,s
236,茧,֎s
237,茧,Ocs
238,茧,Ύs
239,茧,ˎs
240,茧,s
241,茧,Bs
242,茧,s
243,茧,SΒ
244,茧,S
245,茧,S蒬
246,茧,gSg
247,茧,gSВ
248,茧,aSa꒬
249,茧,_SP蒬
250,茧,ֈS
251,茧,CSZc
252,茧,ɌSƒ
253,茧,ɌSRc
254,茧,ɌS
255,茧,ɌSc씨
256,茧,ɌS㑺
257,茧,ˌSyĒ
258,茧,ˌSc
259,茧,ˌSˑ
260,茧,ˌSm쒬
261,茧,ˌS˒
262,{錧,st
263,{錧,s{
264,{錧,sы
265,{錧,s
266,{錧,s
267,{錧,Ίs
268,{錧,}s
269,{錧,Cs
270,{錧,Ύs
271,{錧,s
272,{錧,pcs
273,{錧,s
274,{錧,s
275,{錧,oĎs
276,{錧,Is
277,{錧,s
278,{錧,s
279,{錧,xJs
280,{錧,cS
281,{錧,cSh
282,{錧,ēcS͌
283,{錧,ēcSc
284,{錧,ēcSēc
285,{錧,ēcS蒬
286,{錧,ɋSېX
287,{錧,jSj
288,{錧,jSR
289,{錧,{S
290,{錧,{Sl
291,{錧,{S{
292,{錧,Sa
293,{錧,S勽
294,{錧,St
295,{錧,SF
296,{錧,S
297,{錧,cSOJ
298,{錧,cS
299,{錧,S쒬
300,{錧,{gSO
301,Hc,Hcs
302,Hc,\s
303,Hc,s
304,Hc,َs
305,Hc,js
306,Hc,s
307,Hc,ps
308,Hc,R{s
309,Hc,s
310,Hc,s
311,Hc,kHcs
312,Hc,ɂَs
313,Hc,ks
314,Hc,pS⒬
315,Hc,kHcS㏬m
316,Hc,R{S
317,Hc,R{SO풬
318,Hc,R{S
319,Hc,HcS܏ڒ
320,Hc,HcSY
321,Hc,HcS쒬
322,Hc,HcS劃
323,Hc,kS
324,Hc,YSH㒬
325,Hc,YS
326,R`,R`s
327,R`,đs
328,R`,߉s
329,R`,cs
330,R`,Vs
331,R`,͍]s
332,R`,Rs
333,R`,Rs
334,R`,s
335,R`,Vs
336,R`,s
337,R`,ԑs
338,R`,zs
339,R`,RSRӒ
340,R`,RSR
341,R`,RS͖k
342,R`,RS쒬
343,R`,RS
344,R`,RS]
345,R`,kRSΓc
346,R`,ŏSR
347,R`,ŏSŏ㒬
348,R`,ŏSM`
349,R`,ŏS^쒬
350,R`,ŏS呠
351,R`,ŏS쑺
352,R`,ŏSˑ
353,R`,uS
354,R`,uS쐼
355,R`,uS
356,R`,uS钬
357,R`,uSіL
358,R`,cSO쒬
359,R`,cS
360,R`,OCSV
361,,s
362,,Îᏼs
363,,SRs
364,,킫s
365,,͎s
366,,{s
367,,쑽s
368,,ns
369,,{s
370,,cs
371,,쑊ns
372,,ɒBs
373,,{{s
374,,ɒBSKܒ
375,,ɒBS
376,,ɒBS얓
377,,BSʑ
378,,␣SΒ
379,,␣SVh
380,,ÌS
381,,ÌSw}
382,,ÌS
383,,ÌSÒ
384,,떃Sk
385,,떃SÒ
386,,떃S֒
387,,떃Sc㒬
388,,͏SÍ≺
389,,͏S쑺
390,,͏SÒ
391,,SO
392,,SR
393,,Sa
394,,SÔ
395,,͌S
396,,͌S葺
397,,͌S
398,,͌S
399,,SIq
400,,SՒ
401,,S
402,,SL쑺
403,,ΐSΐ쒬
404,,ΐSʐ쑺
405,,ΐSc
406,,ΐS쒬
407,,ΐSÓa
408,,cSOt
409,,cS쒬
410,,otSL쒬
411,,otSt
412,,otSx
413,,otS
414,,otSF
415,,otSot
416,,otSQ]
417,,otS
418,,nSVn
419,,nSъڑ
420,錧,ˎs
421,錧,s
422,錧,yYs
423,錧,É͎s
424,錧,Ήs
425,錧,s
426,錧,Ps
427,錧,Ȏs
428,錧,푍s
429,錧,헤cs
430,錧,s
431,錧,ks
432,錧,}Ԏs
433,錧,s
434,錧,vs
435,錧,Ύs
436,錧,ЂȂs
437,錧,s
438,錧,s
439,錧,Js
440,錧,헤{s
441,錧,߉ώs
442,錧,}s
443,錧,Ⓦs
444,錧,~s
445,錧,݂s
446,錧,s
447,錧,_s
448,錧,ss
449,錧,gcs
450,錧,΂݂炢s
451,錧,ʎs
452,錧,S钬
453,錧,S
454,錧,S闢
455,錧,߉όSC
456,錧,vSq
457,錧,~SY
458,錧,~S
459,錧,~S͓
460,錧,S㒬
461,錧,S܉
462,錧,S
463,錧,knS
464,Ȗ،,Fs{s
465,Ȗ،,s
466,Ȗ،,Ȗ؎s
467,Ȗ،,s
468,Ȗ،,s
469,Ȗ،,s
470,Ȗ،,Rs
471,Ȗ،,^s
472,Ȗ،,cs
473,Ȗ،,s
474,Ȗ،,ߐ{s
475,Ȗ،,s
476,Ȗ،,ߐ{GRs
477,Ȗ،,s
478,Ȗ،,͓SO쒬
479,Ȗ،,FSvq
480,Ȗ،,FSΖؒ
481,Ȗ،,FSsL
482,Ȗ،,FSF꒬
483,Ȗ،,sSp
484,Ȗ،,sSؒ
485,Ȗ،,JSJ
486,Ȗ،,JS
487,Ȗ،,ߐ{Sߐ{
488,Ȗ،,ߐ{S߉ϐ쒬
489,Qn,Os
490,Qn,s
491,Qn,ːs
492,Qn,ɐs
493,Qn,cs
494,Qn,cs
495,Qn,ٗюs
496,Qn,as
497,Qn,s
498,Qn,xs
499,Qn,s
500,Qn,݂ǂs
501,Qn,kQnSY
502,Qn,kQnSg
503,Qn,S쑺
504,Qn,S_
505,Qn,ÊySmc
506,Qn,ÊySq
507,Qn,ÊySÊy
508,Qn,ȌSV
509,Qn,ȌS쌴
510,Qn,ȌSڗ
511,Qn,ȌSÒ
512,Qn,ȌSR
513,Qn,ȌSȒ
514,Qn,SЕi
515,Qn,Sꑺ
516,Qn,Sa
517,Qn,S݂Ȃݒ
518,Qn,gSʑ
519,Qn,WySq
520,Qn,WySa
521,Qn,WySc
522,Qn,WyS
523,Qn,WySWy
524,ʌ,܎s
525,ʌ,܎sk
526,ʌ,܎s{
527,ʌ,܎s
528,ʌ,܎s
529,ʌ,܎s
530,ʌ,܎sYa
531,ʌ,܎s
532,ʌ,܎s΋
533,ʌ,܎s΋
534,ʌ,zs
535,ʌ,FJs
536,ʌ,s
537,ʌ,scs
538,ʌ,s
539,ʌ,s
540,ʌ,є\s
541,ʌ,{s
542,ʌ,{s
543,ʌ,Rs
544,ʌ,ts
545,ʌ,Rs
546,ʌ,Hs
547,ʌ,s
548,ʌ,[Js
549,ʌ,s
550,ʌ,s
551,ʌ,zJs
552,ʌ,ns
553,ʌ,˓cs
554,ʌ,Ԏs
555,ʌ,s
556,ʌ,u؎s
557,ʌ,as
558,ʌ,Vs
559,ʌ,s
560,ʌ,vs
561,ʌ,k{s
562,ʌ,s
563,ʌ,xms
564,ʌ,Os
565,ʌ,@cs
566,ʌ,ˎs
567,ʌ,Ks
568,ʌ,߃s
569,ʌ,s
570,ʌ,gs
571,ʌ,ӂݖs
572,ʌ,s
573,ʌ,kSɓޒ
574,ʌ,ԌSOF
575,ʌ,ԌSјCR
576,ʌ,ԌSz
577,ʌ,S쒬
578,ʌ,SR
579,ʌ,S쒬
580,ʌ,S쓇
581,ʌ,Sg
582,ʌ,SR
583,ʌ,SƂ풬
584,ʌ,S
585,ʌ,SF쒬
586,ʌ,SҒ
587,ʌ,S쒬
588,ʌ,S
589,ʌ,ʌS
590,ʌ,ʌS_쒬
591,ʌ,ʌS㗢
592,ʌ,嗢S񋏒
593,ʌ,ʌS{㒬
594,ʌ,kS˒
595,ʌ,kS
596,t,ts
597,t,tsԌ
598,t,tsы
599,t,tst
600,t,ts΋
601,t,tsl
602,t,qs
603,t,ss
604,t,Ds
605,t,َRs
606,t,؍XÎs
607,t,ˎs
608,t,cs
609,t,Όs
610,t,cs
611,t,qs
612,t,s
613,t,s
614,t,Kus
615,t,s
616,t,Ys
617,t,ss
618,t,Rs
619,t,s
620,t,䑷qs
621,t,s
622,t,PJs
623,t,NÎs
624,t,xÎs
625,t,Ys
626,t,lXs
627,t,PYs
628,t,Xs
629,t,󐼎s
630,t,s
631,t,xs
632,t,[s
633,t,xs
634,t,s
635,t,Rs
636,t,ݎs
637,t,Ԕs
638,t,׌SX䒬
639,t,׌Sh
640,t,S_蒬
641,t,SÒ
642,t,S
643,t,RS\㗢
644,t,RSŎR
645,t,RSŌ
646,t,S{
647,t,Sr
648,t,S
649,t,Sq
650,t,S
651,t,S쒬
652,t,΋S命쒬
653,t,΋Sh
654,t,[S쒬
655,s,c
656,s,
657,s,`
658,s,Vh
659,s,
660,s,䓌
661,s,nc
662,s,]
663,s,i
664,s,ڍ
665,s,c
666,s,cJ
667,s,aJ
668,s,
669,s,
670,s,L
671,s,k
672,s,r
673,s,
674,s,n
675,s,
676,s,
677,s,]ː
678,s,qs
679,s,s
680,s,s
681,s,Os
682,s,~s
683,s,{s
684,s,s
685,s,zs
686,s,cs
687,s,s
688,s,s
689,s,s
690,s,Rs
691,s,s
692,s,s
693,s,s
694,s,]s
695,s,as
696,s,s
697,s,vĎs
698,s,Rs
699,s,s
700,s,s
701,s,Hs
702,s,s
703,s,s
704,s,S䒬
705,s,S̏o
706,s,Sw
707,s,S
708,s,哇
709,s,
710,s,V
711,s,_Ó
712,s,OO
713,s,䑠
714,s,䓇䒬
715,s,
716,s,}
717,_ސ쌧,lsߌ
718,_ސ쌧,ls_ސ
719,_ސ쌧,ls
720,_ސ쌧,ls
721,_ސ쌧,ls
722,_ސ쌧,lsۓyPJ
723,_ސ쌧,lsq
724,_ސ쌧,ls
725,_ސ쌧,ls`k
726,_ސ쌧,ls˒ˋ
727,_ސ쌧,ls`
728,_ސ쌧,ls
729,_ސ쌧,ls΋
730,_ސ쌧,lsJ
731,_ސ쌧,lsh
732,_ސ쌧,ls
733,_ސ쌧,lst
734,_ސ쌧,lss}
735,_ސ쌧,s
736,_ސ쌧,sK
737,_ސ쌧,s
738,_ސ쌧,sË
739,_ސ쌧,s
740,_ސ쌧,s{O
741,_ސ쌧,s
742,_ސ쌧,͌s΋
743,_ސ쌧,͌s
744,_ސ쌧,͌s
745,_ސ쌧,{s
746,_ސ쌧,ˎs
747,_ސ쌧,qs
748,_ސ쌧,s
749,_ސ쌧,cs
750,_ސ쌧,s
751,_ސ쌧,qs
752,_ސ쌧,OYs
753,_ސ쌧,`s
754,_ސ쌧,؎s
755,_ސ쌧,as
756,_ސ쌧,ɐs
757,_ސ쌧,CVs
758,_ސ쌧,Ԏs
759,_ސ쌧,쑫s
760,_ސ쌧,s
761,_ސ쌧,OYStR
762,_ސ쌧,S쒬
763,_ސ쌧,S钬
764,_ސ쌧,S{
765,_ސ쌧,S䒬
766,_ސ쌧,S䒬
767,_ސ쌧,Sc
768,_ސ쌧,SRk
769,_ސ쌧,SJ
770,_ސ쌧,S
771,_ސ쌧,S^ߒ
772,_ސ쌧,S͌
773,_ސ쌧,bS쒬
774,_ސ쌧,bS쑺
775,V,Vsk
776,V,Vs
777,V,Vs
778,V,Vs]
779,V,VsHt
780,V,Vs
781,V,Vs
782,V,Vs
783,V,s
784,V,Os
785,V,s
786,V,Vcs
787,V,Js
788,V,Ύs
789,V,\s
790,V,s
791,V,s
792,V,s
793,V,s
794,V,s
795,V,ܐs
796,V,zs
797,V,s
798,V,ns
799,V,s
800,V,싛s
801,V,ٓs
802,V,kSĒ
803,V,SF
804,V,슗Sc㒬
805,V,S꒬
806,V,OSo_蒬
807,V,싛S
808,V,SÓ쒬
809,V,HSH
810,V,DS֐쑺
811,V,DSY
812,xR,xRs
813,xR,s
814,xR,Îs
815,xR,Xs
816,xR,s
817,xR,s
818,xR,vgs
819,xR,s
820,xR,vs
821,xR,ːs
822,xR,VSM
823,xR,VSs
824,xR,VSR
825,xR,VSP
826,xR,VS
827,ΐ쌧,s
828,ΐ쌧,s
829,ΐ쌧,s
830,ΐ쌧,֓s
831,ΐ쌧,Fs
832,ΐ쌧,s
833,ΐ쌧,Hs
834,ΐ쌧,قs
835,ΐ쌧,Rs
836,ΐ쌧,\s
837,ΐ쌧,Xss
838,ΐ쌧,\Sk
839,ΐ쌧,͖kSÔ
840,ΐ쌧,͖kS咬
841,ΐ쌧,HSu꒬
842,ΐ쌧,HSBu
843,ΐ쌧,S\o
844,ΐ쌧,PS
845,ΐ쌧,PS\o
846,䌧,s
847,䌧,։s
848,䌧,ls
849,䌧,s
850,䌧,Rs
851,䌧,I]s
852,䌧,s
853,䌧,zOs
854,䌧,s
855,䌧,gcSi
856,䌧,Src
857,䌧,SzO
858,䌧,OSzO
859,䌧,OSl
860,䌧,ьSl
861,䌧,ьS
862,䌧,O㒆Sዷ
863,R,b{s
864,R,xmgcs
865,R,ss
866,R,Rs
867,R,匎s
868,R,Bs
869,R,AvXs
870,R,kms
871,R,bs
872,R,Js
873,R,쌴s
874,R,bBs
875,R,s
876,R,SsO
877,R,싐S쒬
878,R,싐Sg
879,R,싐S암
880,R,싐Sxm쒬
881,R,Sa
882,R,sSu
883,R,sSj
884,R,sSE쑺
885,R,sSRΑ
886,R,sS
887,R,sSxm͌Β
888,R,ksS
889,R,ksSOgR
890,쌧,s
891,쌧,{s
892,쌧,cs
893,쌧,Js
894,쌧,ѓcs
895,쌧,zKs
896,쌧,{s
897,쌧,s
898,쌧,ɓߎs
899,쌧,s
900,쌧,s
901,쌧,咬s
902,쌧,юRs
903,쌧,s
904,쌧,Ks
905,쌧,vs
906,쌧,Ȏs
907,쌧,s
908,쌧,ܖs
909,쌧,썲vSC
910,쌧,썲vS㑺
911,쌧,썲vSq
912,쌧,썲vS쑊ؑ
913,쌧,썲vSkؑ
914,쌧,썲vSv䒬
915,쌧,kvSy
916,쌧,kvSc
917,쌧,kvSȒ
918,쌧,Sؑ
919,쌧,Sa
920,쌧,zKSzK
921,쌧,zKSxm
922,쌧,zKS
923,쌧,ɓߌSC쒬
924,쌧,ɓߌS֒
925,쌧,ɓߌSѓ
926,쌧,ɓߌS얥֑
927,쌧,ɓߌS쑺
928,쌧,ɓߌS{c
929,쌧,ɓߌS쒬
930,쌧,ɓߌSX
931,쌧,ɓߌS쒬
932,쌧,ɓߌSq
933,쌧,ɓߌSJ
934,쌧,ɓߌSH
935,쌧,ɓߌS
936,쌧,ɓߌSؑ
937,쌧,ɓߌSV
938,쌧,ɓߌSו
939,쌧,ɓߌSؑ
940,쌧,ɓߌSLu
941,쌧,ɓߌS厭
942,쌧,ؑ]S㏼
943,쌧,ؑ]Sؑ]
944,쌧,ؑ]Sؑc
945,쌧,ؑ]Sꑺ
946,쌧,ؑ]SK
947,쌧,ؑ]Sؑ]
948,쌧,}Sё
949,쌧,}S⑺
950,쌧,}SR`
951,쌧,}S
952,쌧,}S}k
953,쌧,k܌Src
954,쌧,k܌S쑺
955,쌧,k܌Sn
956,쌧,k܌SJ
957,쌧,ȌS钬
958,쌧,㍂Sz{
959,쌧,㍂SR
960,쌧,SRm
961,쌧,Sؓ
962,쌧,S򉷐
963,쌧,㐅SMZ
964,쌧,㐅S쑺
965,쌧,㐅Sэj
966,쌧,Sh
967,򕌌,򕌎s
968,򕌌,_s
969,򕌌,Rs
970,򕌌,s
971,򕌌,֎s
972,򕌌,Ðs
973,򕌌,Zs
974,򕌌,Qs
975,򕌌,Hs
976,򕌌,bߎs
977,򕌌,ZΎs
978,򕌌,ys
979,򕌌,es
980,򕌌,s
981,򕌌,Rs
982,򕌌,s
983,򕌌,ˎs
984,򕌌,{s
985,򕌌,Ss
986,򕌌,Cs
987,򕌌,CÎs
988,򕌌,HS쒬
989,򕌌,HS}
990,򕌌,{VS{V
991,򕌌,sjS䒬
992,򕌌,sjSփP
993,򕌌,S_˒
994,򕌌,S֔V
995,򕌌,S
996,򕌌,KSK쒬
997,򕌌,KS쒬
998,򕌌,KSrc
999,򕌌,{Sk
1000,򕌌,ΌSj
1001,򕌌,ΌSx
1002,򕌌,ΌSӒ
1003,򕌌,ΌS@
1004,򕌌,ΌSSÒ
1005,򕌌,ΌS쒬
1006,򕌌,ΌS쑺
1007,򕌌,S䐓
1008,򕌌,S쑺
1009,É,És
1010,É,Ésx͋
1011,É,És
1012,É,ls
1013,É,ls
1014,É,ls
1015,É,ls
1016,É,lsk
1017,É,lslk
1018,É,lsV
1019,É,Îs
1020,É,MCs
1021,É,Os
1022,É,xm{s
1023,É,ɓs
1024,É,cs
1025,É,xms
1026,É,֓cs
1027,É,ĒÎs
1028,É,|s
1029,É,}s
1030,É,as
1031,É,܈s
1032,É,cs
1033,É,s
1034,É,ΐs
1035,É,ɓs
1036,É,Os
1037,É,es
1038,É,ɓ̍s
1039,É,qVs
1040,É,ΌSɓ
1041,É,ΌS͒Ò
1042,É,ΌSɓ
1043,É,ΌS蒬
1044,É,ΌSɓ
1045,É,cS쒬
1046,É,xS
1047,É,xS
1048,É,xSR
1049,É,YSgc
1050,É,YS썪{
1051,É,qSX
1052,m,És
1053,m,És
1054,m,Ésk
1055,m,És
1056,m,És
1057,m,És
1058,m,Ésa
1059,m,És
1060,m,ÉsMc
1061,m,És
1062,m,És`
1063,m,És
1064,m,ÉsR
1065,m,És΋
1066,m,És
1067,m,ÉsV
1068,m,Ls
1069,m,s
1070,m,{s
1071,m,ˎs
1072,m,cs
1073,m,ts
1074,m,Ls
1075,m,Ós
1076,m,ɓs
1077,m,Js
1078,m,Lcs
1079,m,s
1080,m,s
1081,m,Ss
1082,m,Rs
1083,m,튊s
1084,m,]s
1085,m,qs
1086,m,s
1087,m,Vs
1088,m,Cs
1089,m,{s
1090,m,ms
1091,m,ms
1092,m,s
1093,m,ls
1094,m,qs
1095,m,Ls
1096,m,is
1097,m,cs
1098,m,s
1099,m,{s
1100,m,kÉs
1101,m,xs
1102,m,݂悵s
1103,m,܎s
1104,m,vs
1105,m,mS
1106,m,tSLR
1107,m,OHS
1108,m,OHS}K
1109,m,CS厡
1110,m,CSI]
1111,m,CS򓇑
1112,m,mSv䒬
1113,m,mSY
1114,m,mSm
1115,m,mSl
1116,m,mSL
1117,m,zcSKc
1118,m,k݊yS݊y
1119,m,k݊ySh
1120,m,k݊ySL
1121,Od,Îs
1122,Od,lss
1123,Od,ɐs
1124,Od,s
1125,Od,Ks
1126,Od,鎭s
1127,Od,s
1128,Od,hs
1129,Od,TRs
1130,Od,Hs
1131,Od,Fs
1132,Od,Ȃ׎s
1133,Od,us
1134,Od,ɉs
1135,Od,KSؑ]
1136,Od,ٌS
1137,Od,OdSԖ쒬
1138,Od,OdS
1139,Od,OdSz
1140,Od,CSC
1141,Od,CSa
1142,Od,CS䒬
1143,Od,xSʏ钬
1144,Od,xSx
1145,Od,xSI
1146,Od,xSɐ
1147,Od,kKSIk
1148,Od,어KSl
1149,Od,어KSI
1150,ꌧ,Îs
1151,ꌧ,Fs
1152,ꌧ,ls
1153,ꌧ,ߍ]s
1154,ꌧ,Îs
1155,ꌧ,Rs
1156,ꌧ,Is
1157,ꌧ,bs
1158,ꌧ,Fs
1159,ꌧ,Γs
1160,ꌧ,s
1161,ꌧ,ߍ]s
1162,ꌧ,Čs
1163,ꌧ,S쒬
1164,ꌧ,S
1165,ꌧ,mS
1166,ꌧ,SL
1167,ꌧ,Sbǒ
1168,ꌧ,S꒬
1169,s{,ssk
1170,s{,ss㋞
1171,s{,ss
1172,s{,ss
1173,s{,ssR
1174,s{,ss
1175,s{,ss
1176,s{,ssE
1177,s{,ss
1178,s{,ssRȋ
1179,s{,ss
1180,s{,mRs
1181,s{,ߎs
1182,s{,s
1183,s{,Fs
1184,s{,{Îs
1185,s{,Ts
1186,s{,zs
1187,s{,s
1188,s{,s
1189,s{,s
1190,s{,cӎs
1191,s{,Os
1192,s{,Os
1193,s{,ؒÐs
1194,s{,PSR蒬
1195,s{,vSvR
1196,s{,ԊS蒬
1197,s{,ԊSFc
1198,s{,yS}u
1199,s{,ySa
1200,s{,ySؒ
1201,s{,ySR鑺
1202,s{,DSOg
1203,s{,^ӌSɍ
1204,s{,^ӌS^Ӗ쒬
1205,{,ss
1206,{,s
1207,{,sԋ
1208,{,s
1209,{,s`
1210,{,s吳
1211,{,sV
1212,{,sQ
1213,{,s
1214,{,s
1215,{,s
1216,{,s
1217,{,s
1218,{,s铌
1219,{,s{
1220,{,sZg
1221,{,sZg
1222,{,s
1223,{,s
1224,{,sߌ
1225,{,sZV]
1226,{,s
1227,{,sk
1228,{,s
1229,{,s
1230,{,s
1231,{,s
1232,{,s
1233,{,s
1234,{,sk
1235,{,s
1236,{,ݘacs
1237,{,Ls
1238,{,rcs
1239,{,cs
1240,{,Îs
1241,{,Ύs
1242,{,Lˎs
1243,{,s
1244,{,s
1245,{,؎s
1246,{,s
1247,{,򍲖s
1248,{,xcюs
1249,{,Qs
1250,{,͓s
1251,{,s
1252,{,哌s
1253,{,as
1254,{,ʎs
1255,{,s
1256,{,Hgs
1257,{,^s
1258,{,ےÎs
1259,{,Ύs
1260,{,䎛s
1261,{,s
1262,{,s
1263,{,ls
1264,{,s
1265,{,㋷Rs
1266,{,s
1267,{,OS{
1268,{,L\SL\
1269,{,L\S\
1270,{,kS
1271,{,SF撬
1272,{,ScK
1273,{,S
1274,{,͓Sq
1275,{,͓S͓쒬
1276,{,͓S瑁ԍ㑺
1277,Ɍ,_ˎs
1278,Ɍ,_ˎs
1279,Ɍ,_ˎsɋ
1280,Ɍ,_ˎsc
1281,Ɍ,_ˎs{
1282,Ɍ,_ˎs
1283,Ɍ,_ˎsk
1284,Ɍ,_ˎs
1285,Ɍ,_ˎs
1286,Ɍ,PHs
1287,Ɍ,s
1288,Ɍ,Ύs
1289,Ɍ,{s
1290,Ɍ,F{s
1291,Ɍ,s
1292,Ɍ,ɒOs
1293,Ɍ,s
1294,Ɍ,Ls
1295,Ɍ,Ðs
1296,Ɍ,ԕs
1297,Ɍ,es
1298,Ɍ,ˎs
1299,Ɍ,O؎s
1300,Ɍ,s
1301,Ɍ,쐼s
1302,Ɍ,s
1303,Ɍ,Ocs
1304,Ɍ,s
1305,Ɍ,OgRs
1306,Ɍ,{s
1307,Ɍ,Ogs
1308,Ɍ,삠킶s
1309,Ɍ,s
1310,Ɍ,WHs
1311,Ɍ,s
1312,Ɍ,s
1313,Ɍ,̎s
1314,Ɍ,ӌS쒬
1315,Ɍ,S
1316,Ɍ,ÌS
1317,Ɍ,ÌSd
1318,Ɍ,_Ss쒬
1319,Ɍ,_S蒬
1320,Ɍ,_S_͒
1321,Ɍ,KیSq
1322,Ɍ,ԕSS
1323,Ɍ,pSp
1324,Ɍ,S
1325,Ɍ,SV
1326,ޗǌ,ޗǎs
1327,ޗǌ,acs
1328,ޗǌ,aSRs
1329,ޗǌ,Vs
1330,ޗǌ,s
1331,ޗǌ,s
1332,ޗǌ,ܞs
1333,ޗǌ,䏊s
1334,ޗǌ,s
1335,ޗǌ,Ŏs
1336,ޗǌ,s
1337,ޗǌ,FɎs
1338,ޗǌ,RӌSRY
1339,ޗǌ,SQ
1340,ޗǌ,SO
1341,ޗǌ,S
1342,ޗǌ,Sg
1343,ޗǌ,S쐼
1344,ޗǌ,SO
1345,ޗǌ,Sc{
1346,ޗǌ,FɌS]
1347,ޗǌ,FɌS
1348,ޗǌ,sS撬
1349,ޗǌ,sS
1350,ޗǌ,kSq
1351,ޗǌ,kS
1352,ޗǌ,kSL˒
1353,ޗǌ,kS͍
1354,ޗǌ,gSg쒬
1355,ޗǌ,gS嗄
1356,ޗǌ,gSs
1357,ޗǌ,gSꑺ
1358,ޗǌ,gSV쑺
1359,ޗǌ,gS씗쑺
1360,ޗǌ,gS\Ð쑺
1361,ޗǌ,gSkR
1362,ޗǌ,gSkR
1363,ޗǌ,gS㑺
1364,ޗǌ,gSg쑺
1365,a̎R,a̎Rs
1366,a̎R,Cs
1367,a̎R,{s
1368,a̎R,Lcs
1369,a̎R,Vs
1370,a̎R,cӎs
1371,a̎R,V{s
1372,a̎R,I̐s
1373,a̎R,os
1374,a̎R,CSI쒬
1375,a̎R,ɓsS炬
1376,a̎R,ɓsSxR
1377,a̎R,ɓsS쒬
1378,a̎R,LcS
1379,a̎R,LcSL쒬
1380,a̎R,LcSLc쒬
1381,a̎R,Sl
1382,a̎R,S
1383,a̎R,SRǒ
1384,a̎R,S쒬
1385,a̎R,S݂Ȃג
1386,a̎R,S쒬
1387,a̎R,KSl
1388,a̎R,KSxc
1389,a̎R,KSݒ
1390,a̎R,KSߒqY
1391,a̎R,KSn
1392,a̎R,KSÍ쒬
1393,a̎R,KSkR
1394,a̎R,KS{
1395,挧,s
1396,挧,Ďqs
1397,挧,qgs
1398,挧,`s
1399,挧,S
1400,挧,S
1401,挧,Sq
1402,挧,S
1403,挧,SO
1404,挧,Sl
1405,挧,SՉY
1406,挧,Skh
1407,挧,SgÑ
1408,挧,SR
1409,挧,S암
1410,挧,S˒
1411,挧,S쒬
1412,挧,S쒬
1413,挧,S]{
1414,,]s
1415,,lcs
1416,,o_s
1417,,vcs
1418,,cs
1419,,s
1420,,]Îs
1421,,_s
1422,,mSo_
1423,,ѐΌSѓ쒬
1424,,WqS{
1425,,WqS
1426,,WqSW쒬
1427,,SØa쒬
1428,,Sg꒬
1429,,BSCm
1430,,BSm
1431,,BSmv
1432,,BSB̓
1433,R,Rsk
1434,R,Rs
1435,R,Rs
1436,R,Rs
1437,R,q~s
1438,R,ÎRs
1439,R,ʖs
1440,R,}s
1441,R,䌴s
1442,R,Ўs
1443,R,s
1444,R,Vs
1445,R,Os
1446,R,˓s
1447,R,Ԕ֎s
1448,R,^s
1449,R,s
1450,R,s
1451,R,aCSaC
1452,R,sES
1453,R,S
1454,R,cS|
1455,R,^SV
1456,R,ϓcS쒬
1457,R,cS
1458,R,cSދ`
1459,R,pcSq
1460,R,vČSvē쒬
1461,R,vČS璬
1462,R,Sg
1463,L,Ls
1464,L,Ls
1465,L,Ls
1466,L,Ls
1467,L,Ls
1468,L,Lsk
1469,L,Ls|
1470,L,Ls
1471,L,s
1472,L,|s
1473,L,Os
1474,L,s
1475,L,Rs
1476,L,{s
1477,L,Os
1478,L,s
1479,L,|s
1480,L,Ls
1481,L,ss
1482,L,|cs
1483,L,]cs
1484,L,|S{
1485,L,|SCc
1486,L,|SF쒬
1487,L,|S⒬
1488,L,RS|c
1489,L,RSkL
1490,L,LcS㓇
1491,L,S
1492,L,_ΌS_΍
1493,R,֎s
1494,R,Fs
1495,R,Rs
1496,R,s
1497,R,h{s
1498,R,s
1499,R,⍑s
1500,R,s
1501,R,s
1502,R,s
1503,R,Is
1504,R,s
1505,R,Rzcs
1506,R,哇Sh哇
1507,R,όSaؒ
1508,R,FьS֒
1509,R,FьScz{
1510,R,FьS
1511,R,S
1512,,s
1513,,s
1514,,s
1515,,s
1516,,gs
1517,,gs
1518,,ns
1519,,ODs
1520,,YSY
1521,,YS㏟
1522,,S߉͓
1523,,SΈ䒬
1524,,S_R
1525,,߉S߉꒬
1526,,CS
1527,,CSg
1528,,CSCz
1529,,SΒ
1530,,Sk
1531,,SZ
1532,,S쒬
1533,,S
1534,,nS邬
1535,,ODS݂悵
1536,쌧,s
1537,쌧,ۋTs
1538,쌧,os
1539,쌧,Pʎs
1540,쌧,ωs
1541,쌧,ʂs
1542,쌧,s
1543,쌧,OLs
1544,쌧,Sy
1545,쌧,S
1546,쌧,ؓcSOؒ
1547,쌧,S
1548,쌧,̌SFÒ
1549,쌧,̌S쒬
1550,쌧,xSՕ
1551,쌧,xSxÒ
1552,쌧,xS܂̂
1553,Q,Rs
1554,Q,s
1555,Q,Fas
1556,Q,ls
1557,Q,Vls
1558,Q,s
1559,Q,Fs
1560,Q,ɗ\s
1561,Q,ls
1562,Q,\s
1563,Q,s
1564,Q,zqS㓇
1565,Q,㕂Sv
1566,Q,ɗ\SO
1567,Q,ɗ\Su
1568,Q,쑽Sq
1569,Q,FaSɕ
1570,Q,kFaS쒬
1571,Q,kFaSSk
1572,Q,FaS쒬
1573,m,ms
1574,m,ˎs
1575,m,|s
1576,m,썑s
1577,m,ys
1578,m,{s
1579,m,hюs
1580,m,ys
1581,m,l\s
1582,m,s
1583,m,s
1584,m,|Sm
1585,m,|Sޔ
1586,m,|Sc쒬
1587,m,|Sc
1588,m,|Sk쑺
1589,m,|SnH
1590,m,|S|
1591,m,S{R
1592,m,SL
1593,m,ySy
1594,m,yS쑺
1595,m,S̒
1596,m,Sm쒬
1597,m,Sy
1598,m,S쒬
1599,m,Szm
1600,m,S
1601,m,S
1602,m,SÖ쒬
1603,m,Sl\
1604,m,S匎
1605,m,SO
1606,m,S
1607,,kBsi
1608,,kBsᏼ
1609,,kBs˔
1610,,kBsqk
1611,,kBsq
1612,,kBs
1613,,kBs
1614,,s
1615,,s
1616,,s
1617,,s
1618,,s
1619,,s
1620,,sǋ
1621,,喴cs
1622,,vĎs
1623,,s
1624,,ђˎs
1625,,cs
1626,,s
1627,,s
1628,,}s
1629,,s
1630,,ss
1631,,LOs
1632,,Ԏs
1633,,Ss
1634,,}s
1635,,ts
1636,,s
1637,,@s
1638,,ɕ{s
1639,,És
1640,,Îs
1641,,͎s
1642,,{s
1643,,Ös
1644,,qs
1645,,݂܎s
1646,,s
1647,,߉ϐs
1648,,SF
1649,,SI
1650,,Suƒ
1651,,S{
1652,,SV{
1653,,SvR
1654,,S
1655,,S
1656,,S
1657,,S_
1658,,S꒬
1659,,ƎS|
1660,,ƎSƎ蒬
1661,,ÕSj쒬
1662,,qS}O
1663,,qS
1664,,OS品
1665,,OkSؒ
1666,,SL쒬
1667,,cSt
1668,,cSYc
1669,,cSc
1670,,cS蒬
1671,,cSC
1672,,cSԑ
1673,,cSq
1674,,sSc
1675,,sS݂₱
1676,,zSgx
1677,,zSђ
1678,,zSz㒬
1679,ꌧ,s
1680,ꌧ,Îs
1681,ꌧ,s
1682,ꌧ,vs
1683,ꌧ,ɖs
1684,ꌧ,Ys
1685,ꌧ,s
1686,ꌧ,s
1687,ꌧ,s
1688,ꌧ,_s
1689,ꌧ,_Sg샖
1690,ꌧ,O{SR
1691,ꌧ,O{S
1692,ꌧ,O{S݂₫
1693,ꌧ,YSC
1694,ꌧ,YSLc
1695,ꌧ,nS咬
1696,ꌧ,nS]k
1697,ꌧ,nSΒ
1698,ꌧ,ÌSǒ
1699,茧,s
1700,茧,ێs
1701,茧,s
1702,茧,|s
1703,茧,呺s
1704,茧,ˎs
1705,茧,Ys
1706,茧,Δns
1707,茧,s
1708,茧,ܓs
1709,茧,Cs
1710,茧,_s
1711,茧,쓇s
1712,茧,ދnS^
1713,茧,ދnSÒ
1714,茧,ދnSދn
1715,茧,ދnSI
1716,茧,ދnSg
1717,茧,kYSl꒬
1718,茧,kYSX
1719,茧,쏼YSVܓ
1720,F{,F{s
1721,F{,F{s
1722,F{,F{s
1723,F{,F{s
1724,F{,F{sk
1725,F{,s
1726,F{,lgs
1727,F{,rs
1728,F{,s
1729,F{,ʖs
1730,F{,Rs
1731,F{,ers
1732,F{,Fys
1733,F{,Vs
1734,F{,Fs
1735,F{,hs
1736,F{,Vs
1737,F{,us
1738,F{,vS
1739,F{,ʖSʓ
1740,F{,ʖS֒
1741,F{,ʖSF
1742,F{,ʖSa
1743,F{,erSÒ
1744,F{,erSez
1745,F{,hS쏬
1746,F{,hS
1747,F{,hSYR
1748,F{,hSX
1749,F{,hS
1750,F{,hS숢h
1751,F{,vSD
1752,F{,vSÓ
1753,F{,vSv钬
1754,F{,vSb
1755,F{,vSRs
1756,F{,SX쒬
1757,F{,kSk
1758,F{,kSÓޖؒ
1759,F{,Sђ
1760,F{,Sǖؒ
1761,F{,SO
1762,F{,S㑺
1763,F{,SǑ
1764,F{,Sܖؑ
1765,F{,SR]
1766,F{,S
1767,F{,S蒬
1768,F{,VSk
1769,啪,啪s
1770,啪,ʕ{s
1771,啪,Îs
1772,啪,cs
1773,啪,s
1774,啪,Pns
1775,啪,Ëvs
1776,啪,|cs
1777,啪,L㍂cs
1778,啪,nzs
1779,啪,Fs
1780,啪,Ls
1781,啪,Rzs
1782,啪,s
1783,啪,SP
1784,啪,So
1785,啪,Sd
1786,啪,S쒬
1787,{茧,{s
1788,{茧,ss
1789,{茧,s
1790,{茧,s
1791,{茧,юs
1792,{茧,s
1793,{茧,Ԏs
1794,{茧,ss
1795,{茧,т̎s
1796,{茧,kSOҒ
1797,{茧,S
1798,{茧,Sx
1799,{茧,S
1800,{茧,S璬
1801,{茧,SVx
1802,{茧,SėǑ
1803,{茧,S؏钬
1804,{茧,S쒬
1805,{茧,Ss_
1806,{茧,PnS쒬
1807,{茧,PnSˑ
1808,{茧,PnSŗt
1809,{茧,PnS
1810,{茧,PnS䒬
1811,{茧,PnSVe
1812,{茧,PnS܃
1813,,s
1814,,s
1815,,s
1816,,vs
1817,,os
1818,,whs
1819,,V\s
1820,,s
1821,,Fs
1822,,us
1823,,]s
1824,,s
1825,,ؖs
1826,,삳܎s
1827,,uzus
1828,,s
1829,,Bs
1830,,ɍs
1831,,ǎs
1832,,SO
1833,,S\
1834,,FSܒ
1835,,oS
1836,,ǌSN
1837,,]S蒬
1838,,̑Sǒ
1839,,̑Sэ]
1840,,̑S
1841,,̑S̕t
1842,,FьSq
1843,,FьSq
1844,,FьSv
1845,,哇Sa
1846,,哇SF
1847,,哇S˓
1848,,哇S
1849,,哇SE
1850,,哇SV
1851,,哇SV钬
1852,,哇Sɐ咬
1853,,哇Sa
1854,,哇Sm
1855,,哇S^_
1856,ꌧ,ߔes
1857,ꌧ,Xps
1858,ꌧ,Ί_s
1859,ꌧ,YYs
1860,ꌧ,s
1861,ꌧ,s
1862,ꌧ,s
1863,ꌧ,Ls
1864,ꌧ,܎s
1865,ꌧ,{Ós
1866,ꌧ,s
1867,ꌧ,S
1868,ꌧ,SX
1869,ꌧ,S
1870,ꌧ,SAm
1871,ꌧ,S{
1872,ꌧ,S[
1873,ꌧ,SX
1874,ꌧ,S
1875,ꌧ,Sɍ]
1876,ꌧ,SǒJ
1877,ꌧ,SÎ[
1878,ꌧ,SkJ
1879,ꌧ,Sk鑺
1880,ꌧ,S鑺
1881,ꌧ,S
1882,ꌧ,KS^ߌ
1883,ꌧ,KS앗
1884,ꌧ,KSnÕ~
1885,ꌧ,KSԖ
1886,ꌧ,KS
1887,ꌧ,KSn쑺
1888,ꌧ,KS哌
1889,ꌧ,KSk哌
1890,ꌧ,KSɕ
1891,ꌧ,KSɐ
1892,ꌧ,KSvē
1893,ꌧ,KSd
1894,ꌧ,{ÌSǊԑ
1895,ꌧ,dRS|x
1896,ꌧ,dRS^ߍ
